Source File	Size	loadResources	load	generateSnapshots	load-configure	scan	loadDepInfo	loadInfo	checkR4R4B	generateNarratives	validate	loadLists	checkConformanceResources	checkConformanceResources2	checkConformanceResources3	generateLogicalMaps	validateExpressions	scanForUsageStats	checkURLsUnique	processProvenanceDetails	translate	generate1	generate2	generateLogicals	makeDependencies	generateExampleZip	generateValidationPack	scanProfilesForR5	scanExamplesForR5
/fsh-generated/resources/ImplementationGuide-health-gov-fhir-fj-core.json	74453	-	0	0	0	0	0	0	19	163	0	0	0	0	0	0	0	1	0	0	0	243	407	0	0	0	8	0	1
fsh-generated/resources/AllergyIntolerance-FijiAllergyIntoleranceExample.json	1214	2	0	0	1	0	0	0	1	334	0	0	0	0	0	0	0	0	0	0	0	11	28	0	0	0	0	0	0
fsh-generated/resources/CodeSystem-fiji-division-cs.json	981	1	0	0	0	0	0	0	0	6	0	0	0	0	0	0	0	0	0	0	0	14	90	0	0	0	1	0	0
fsh-generated/resources/CodeSystem-fiji-medical-area-cs.json	533	0	0	0	0	0	0	0	0	3	0	0	0	0	0	0	0	0	0	0	0	10	65	0	0	0	0	0	0
fsh-generated/resources/CodeSystem-fiji-nursing-zone-cs.json	533	1	0	0	0	0	0	0	1	2	0	0	0	0	0	0	0	0	0	0	0	10	56	0	0	0	0	0	0
fsh-generated/resources/CodeSystem-fiji-obs-interpretation-cs.json	576	0	0	0	0	0	0	0	0	1	0	0	0	0	0	0	0	0	0	0	0	10	58	0	0	0	1	0	0
fsh-generated/resources/CodeSystem-fiji-sub-division-cs.json	2163	1	0	0	0	0	0	0	1	5	0	0	0	0	0	0	0	1	0	0	0	17	83	0	0	0	0	0	1
fsh-generated/resources/Condition-condition-example-diabetes2.json	1856	1	0	0	0	0	0	0	0	72	0	0	0	0	0	0	0	0	0	0	0	13	16	0	0	0	0	0	0
fsh-generated/resources/DiagnosticReport-ExampleLipidPanelReport.json	663	0	0	0	0	0	0	0	0	7	0	0	0	0	0	0	0	0	0	0	0	9	14	0	0	0	0	0	0
fsh-generated/resources/Encounter-FijiEncounterExample.json	1700	2	0	0	0	0	0	0	1	167	0	0	0	0	0	0	0	0	0	0	0	11	23	0	0	0	0	0	0
fsh-generated/resources/Immunization-FijiImmunizationReactionExample.json	1281	1	0	0	0	0	0	0	0	7	0	0	0	0	0	0	0	0	0	0	0	10	18	0	0	0	0	0	0
fsh-generated/resources/Immunization-FijiTdapImmunizationExample.json	1117	1	0	0	0	0	0	0	0	4	0	0	0	0	0	0	0	0	0	0	0	10	13	0	0	0	0	0	0
fsh-generated/resources/NamingSystem-FijiOrganizationIdentifier.json	603	0	18	0	0	0	0	0	0	4	257	0	0	0	0	0	0	0	0	0	0	16	12	0	0	0	0	0	0
fsh-generated/resources/NamingSystem-FijiPatientIdentifier.json	583	1	2	0	1	0	0	0	1	1	12	0	0	0	0	0	0	0	0	0	0	13	12	0	0	0	0	0	0
fsh-generated/resources/NamingSystem-FijiPractitionerRegistration.json	624	0	1	0	0	0	0	0	0	2	11	0	0	0	0	0	0	0	0	0	0	13	12	0	0	0	1	0	0
fsh-generated/resources/NamingSystem-FijiRISAccessionNumber.json	647	1	2	0	0	0	0	0	0	1	12	0	0	0	0	0	0	0	0	0	0	13	12	0	0	0	0	0	0
fsh-generated/resources/Observation-Example-BMI.json	1125	1	0	0	0	0	0	0	0	71	0	0	0	0	0	0	0	0	0	0	0	13	18	0	0	0	0	0	0
fsh-generated/resources/Observation-Example-BodyHeight.json	992	1	0	0	0	0	0	0	1	39	0	0	0	0	0	0	0	0	0	0	0	13	11	0	0	0	0	0	0
fsh-generated/resources/Observation-Example-BodyWeight.json	1060	1	0	0	0	0	1	0	0	38	0	0	0	0	0	0	0	0	0	0	0	11	14	0	0	0	0	0	0
fsh-generated/resources/Observation-ExampleArterialPO2.json	815	0	0	0	0	0	0	0	0	36	0	0	0	0	0	0	0	0	0	0	0	10	9	0	0	0	0	0	0
fsh-generated/resources/Observation-ExampleBloodPressure.json	2498	2	0	0	0	0	0	0	0	97	0	0	0	0	0	0	0	0	0	0	0	14	13	0	0	0	0	0	0
fsh-generated/resources/Observation-ExampleHDLCholesterol.json	897	0	0	0	0	0	0	0	0	36	0	0	0	0	0	0	0	0	0	0	0	11	12	0	0	0	0	0	0
fsh-generated/resources/Observation-ExampleLDLCholesterol.json	897	1	0	0	0	0	0	0	1	3	0	0	0	0	0	0	0	0	0	0	0	10	10	0	0	0	0	0	0
fsh-generated/resources/Observation-ExampleLipidPanel.json	1081	1	0	0	0	0	0	0	0	2	0	0	0	0	0	0	0	0	0	0	0	12	16	0	0	0	0	0	0
fsh-generated/resources/Observation-ExampleTotalCholesterol.json	892	1	0	0	0	0	0	0	0	3	0	0	0	0	0	0	0	0	0	0	0	11	13	0	0	0	0	0	0
fsh-generated/resources/Observation-ExampleTriglycerides.json	890	1	0	0	0	0	0	0	0	3	0	0	0	0	0	0	0	0	0	0	0	10	13	0	0	0	0	0	0
fsh-generated/resources/Observation-FijiBodyTemperatureExample.json	1836	1	0	0	0	0	0	0	0	35	0	0	0	0	0	0	0	0	0	0	0	14	18	0	0	0	0	0	0
fsh-generated/resources/Observation-FijiDiagnosticObservationChestXrayReport.json	1024	0	0	0	0	0	0	0	1	3	0	0	0	0	0	0	0	0	0	0	0	12	16	0	0	0	0	0	0
fsh-generated/resources/Observation-FijiDiagnosticObservationPleuralEffusion.json	990	1	0	0	0	0	0	0	0	2	0	0	0	0	0	0	0	0	0	0	0	10	15	0	0	0	0	0	0
fsh-generated/resources/Observation-FijiDiagnosticObservationPulmonaryConsolidation.json	998	1	0	0	0	0	0	0	0	3	0	0	0	0	0	0	0	0	0	0	0	10	9	0	0	0	0	0	0
fsh-generated/resources/Observation-FijiHeadCircumferenceExample.json	861	0	0	0	0	0	0	0	0	2	0	0	0	0	0	0	0	0	0	0	0	10	9	0	0	0	0	0	0
fsh-generated/resources/Observation-FijiTdapReactionObservation.json	549	1	0	0	0	0	0	0	0	1	0	0	0	0	0	0	0	0	0	0	0	8	7	0	0	0	0	0	0
fsh-generated/resources/Observation-HeartRateExample.json	1573	1	0	0	0	0	0	0	1	35	0	0	0	0	0	0	0	0	0	0	0	12	10	0	0	0	0	0	0
fsh-generated/resources/Observation-OxygenSaturationExample.json	1229	1	0	0	0	0	0	0	0	35	0	0	0	0	0	0	0	0	0	0	0	11	13	0	0	0	0	0	0
fsh-generated/resources/Observation-RespiratoryRateExample.json	1540	1	0	0	0	0	0	0	0	3	0	0	0	0	0	0	0	0	0	0	0	12	12	0	0	0	0	0	0
fsh-generated/resources/Organization-FijiOrganizationExample.json	615	1	0	0	0	0	0	0	0	1	0	0	0	0	0	0	0	0	0	0	0	8	9	0	0	0	0	0	0
fsh-generated/resources/Patient-FijiPatientExample.json	672	0	0	0	0	0	0	0	0	1	0	0	0	0	0	0	0	0	0	0	0	7	10	0	0	0	0	0	0
fsh-generated/resources/Patient-FijiPatientExample1.json	625	1	0	0	0	0	0	0	0	1	0	0	0	0	0	0	0	0	0	0	0	5	5	0	0	0	0	0	0
fsh-generated/resources/Patient-FijiPatientExample2.json	643	1	0	0	0	0	0	0	1	0	0	0	0	0	0	0	0	0	0	0	0	7	5	0	0	0	0	0	0
fsh-generated/resources/Patient-FijiPatientFijiIndo.json	650	0	0	0	0	0	0	0	0	1	0	0	0	0	0	0	0	0	0	0	0	8	5	0	0	0	0	0	0
fsh-generated/resources/PractitionerRole-FijiPractitionerRoleExample.json	627	1	0	0	0	0	0	0	0	2	0	0	0	0	0	0	0	0	0	0	0	6	11	0	0	0	0	0	0
fsh-generated/resources/Specimen-ExampleLipidSpecimen.json	627	0	0	0	1	0	0	0	0	4	0	0	0	0	0	0	0	0	0	0	0	8	11	0	0	0	0	0	0
fsh-generated/resources/StructureDefinition-birthdate-estimated-indicator.json	1681	1	0	8	0	0	0	0	0	621	0	0	0	0	0	0	0	0	0	0	0	40	507	0	0	0	3	1	0
fsh-generated/resources/StructureDefinition-fiji-address-island.json	1427	1	0	6	0	0	0	0	0	3	0	0	0	0	0	0	0	1	0	0	0	30	178	0	0	0	1	0	1
fsh-generated/resources/StructureDefinition-fiji-address-village.json	1437	1	0	6	0	0	0	0	1	4	0	0	1	0	0	0	0	0	0	0	0	30	149	0	0	0	1	0	0
fsh-generated/resources/StructureDefinition-fiji-address.json	5859	2	0	17	0	0	0	0	0	22	0	0	0	0	0	0	0	0	0	0	0	72	251	0	1	0	4	0	0
fsh-generated/resources/StructureDefinition-fiji-admin-zone.json	5371	2	0	27	0	0	0	0	0	35	0	0	0	0	0	0	0	0	0	0	0	124	287	0	0	0	4	0	0
fsh-generated/resources/StructureDefinition-fiji-allergy-intolerance.json	8334	1	0	35	0	0	0	0	0	21	0	0	0	0	0	0	0	1	0	0	0	143	466	0	0	0	4	0	1
fsh-generated/resources/StructureDefinition-fiji-clan-affiliation.json	1741	29	0	11	0	0	0	0	0	9	0	0	0	0	0	0	0	0	0	0	0	41	121	0	0	0	1	0	0
fsh-generated/resources/StructureDefinition-fiji-condition.json	5357	3	0	29	1	0	0	0	0	26	0	0	0	0	0	0	0	1	0	0	0	133	461	0	0	0	5	0	0
fsh-generated/resources/StructureDefinition-fiji-device.json	878	1	0	34	0	0	0	0	0	19	0	0	0	0	0	0	0	1	0	0	0	121	401	0	0	0	7	0	0
fsh-generated/resources/StructureDefinition-fiji-diagnostic-observation.json	9492	7	0	38	0	0	0	0	0	28	0	0	0	0	0	0	0	1	0	0	0	183	884	0	0	0	7	0	1
fsh-generated/resources/StructureDefinition-fiji-encounter.json	1503	3	0	39	1	0	0	0	0	16	0	0	0	0	0	0	0	1	0	0	0	153	508	0	0	0	5	0	0
fsh-generated/resources/StructureDefinition-fiji-humanname.json	4022	2	0	9	0	0	0	0	0	7	0	0	0	0	0	0	0	0	0	0	0	55	167	0	0	0	1	0	0
fsh-generated/resources/StructureDefinition-fiji-imaging-diagnostic-report.json	6001	8	0	33	0	0	0	0	0	28	0	0	1	0	0	0	0	2	0	0	0	221	559	0	0	0	7	0	1
fsh-generated/resources/StructureDefinition-fiji-immunization.json	7504	8	0	39	0	0	0	0	1	21	0	0	0	0	0	0	0	1	0	0	0	169	541	0	0	0	6	1	0
fsh-generated/resources/StructureDefinition-fiji-laboratory-diagnostic-report.json	2335	3	0	21	0	0	0	0	0	38	0	0	0	0	0	0	0	0	0	0	0	104	309	0	0	0	3	0	0
fsh-generated/resources/StructureDefinition-fiji-location.json	1305	1	0	20	1	0	0	0	0	9	0	0	0	0	0	0	0	1	0	0	0	79	256	0	0	0	2	0	0
fsh-generated/resources/StructureDefinition-fiji-organization.json	1350	0	0	12	0	0	0	0	0	8	0	0	0	0	0	0	0	0	0	0	0	78	235	0	0	0	3	0	0
fsh-generated/resources/StructureDefinition-fiji-pathology-observation.json	12566	3	0	24	0	0	0	0	0	21	0	0	0	0	0	0	0	1	0	0	0	189	643	0	0	0	6	0	1
fsh-generated/resources/StructureDefinition-fiji-patient-ethnicity.json	1902	1	0	6	1	0	0	0	0	6	0	0	0	0	0	0	0	1	0	0	0	41	132	0	0	0	2	0	0
fsh-generated/resources/StructureDefinition-fiji-patient-occupation.json	1952	1	0	7	0	0	0	0	0	5	0	0	0	0	0	0	0	0	0	0	0	39	131	0	0	0	1	0	0
fsh-generated/resources/StructureDefinition-fiji-patient.json	7744	2	0	27	0	0	0	0	0	27	0	0	0	0	0	0	0	1	0	0	0	192	497	0	0	0	8	0	0
fsh-generated/resources/StructureDefinition-fiji-practitioner-role.json	2950	1	0	14	0	0	0	0	0	11	0	0	0	0	0	0	0	1	0	0	0	98	248	0	0	0	4	0	0
fsh-generated/resources/StructureDefinition-fiji-practitioner.json	4098	1	0	18	0	0	0	0	0	16	0	0	1	0	0	0	0	0	0	0	0	124	505	0	0	0	5	0	1
fsh-generated/resources/StructureDefinition-fiji-specimen.json	1110	1	0	14	0	0	0	0	1	11	0	0	0	0	0	0	0	1	0	0	0	96	324	0	0	0	4	0	0
fsh-generated/resources/StructureDefinition-fiji-vital-blood-pressure.json	4895	1	0	60	0	0	0	0	0	99	0	0	0	0	0	0	0	2	0	0	0	300	1047	0	0	0	15	0	1
fsh-generated/resources/StructureDefinition-fiji-vital-bmi.json	2956	1	0	47	1	0	0	0	0	17	0	0	0	0	0	0	0	2	0	0	0	186	549	0	0	0	9	0	0
fsh-generated/resources/StructureDefinition-fiji-vital-body-temperature.json	3780	1	0	41	0	0	0	0	0	18	0	0	0	0	0	0	0	1	0	0	0	197	579	0	0	0	9	1	1
fsh-generated/resources/StructureDefinition-fiji-vital-head-circumference.json	3061	1	0	79	1	0	0	0	0	14	0	0	0	0	0	0	0	2	0	0	0	186	477	0	0	0	9	0	0
fsh-generated/resources/StructureDefinition-fiji-vital-heart-rate.json	4701	0	0	36	0	0	0	0	0	16	0	0	1	0	0	0	0	1	0	0	0	207	375	0	0	0	10	0	1
fsh-generated/resources/StructureDefinition-fiji-vital-height.json	4472	1	0	36	0	0	0	0	0	21	0	0	0	0	0	0	0	2	0	0	0	204	424	0	0	0	10	0	1
fsh-generated/resources/StructureDefinition-fiji-vital-oxygen-saturation.json	4371	1	0	34	1	0	0	0	0	19	0	0	0	0	0	0	0	1	0	0	0	203	362	0	0	0	10	1	0
fsh-generated/resources/StructureDefinition-fiji-vital-respiratory-rate.json	4411	1	0	47	0	0	0	0	0	19	0	0	0	0	0	0	0	1	0	0	0	203	375	0	0	0	10	0	1
fsh-generated/resources/StructureDefinition-fiji-vital-weight.json	3382	1	0	32	0	0	0	0	0	16	0	0	0	0	0	0	0	0	0	0	0	189	355	0	1	0	9	0	0
fsh-generated/resources/ValueSet-fiji-allergy-agent-vs.json	1943	1	0	0	0	0	0	0	1	221	0	0	0	0	0	0	0	0	0	0	0	13	107	0	0	0	1	0	0
fsh-generated/resources/ValueSet-fiji-body-site-vs.json	770	0	0	0	0	0	0	0	0	33	0	0	0	0	0	0	0	0	0	0	0	10	87	0	0	0	0	0	0
fsh-generated/resources/ValueSet-fiji-condition-code-vs.json	1259	1	0	0	0	0	0	0	0	187	0	0	0	0	0	0	0	0	0	0	0	11	94	0	0	0	0	0	0
fsh-generated/resources/ValueSet-fiji-dcm-modality-vs.json	441	0	0	0	0	0	0	0	0	1	0	0	0	0	0	0	0	0	0	0	0	8	474	0	0	0	1	0	0
fsh-generated/resources/ValueSet-fiji-division-vs.json	461	1	0	0	0	0	0	0	0	1	0	0	0	0	0	0	0	0	0	0	0	8	47	0	0	0	0	0	0
fsh-generated/resources/ValueSet-fiji-evidence-vs.json	1410	0	0	0	0	0	0	0	1	254	0	0	0	0	0	0	0	0	0	0	0	10	90	0	0	0	0	0	0
fsh-generated/resources/ValueSet-fiji-medical-area-vs.json	485	1	0	0	0	0	0	0	0	1	0	0	0	0	0	0	0	0	0	0	0	8	46	0	0	0	1	0	0
fsh-generated/resources/ValueSet-fiji-medication-route-vs.json	755	0	0	0	1	0	0	0	0	32	0	0	0	0	0	0	0	0	0	0	0	8	142	0	0	0	0	0	0
fsh-generated/resources/ValueSet-fiji-nursing-zone-vs.json	485	0	0	0	0	0	0	0	0	1	0	0	0	0	0	0	0	0	0	0	0	9	44	0	0	0	0	0	0
fsh-generated/resources/ValueSet-fiji-obs-interpretation-vs.json	833	1	0	0	0	0	0	0	0	1	0	0	0	0	0	0	0	0	0	0	0	12	91	0	0	0	0	0	0
fsh-generated/resources/ValueSet-fiji-radiology-findings-vs.json	799	0	0	0	0	0	0	0	1	33	0	0	0	0	0	0	0	0	0	0	0	10	74	0	0	0	1	0	0
fsh-generated/resources/ValueSet-fiji-sub-division-vs.json	484	1	0	0	0	0	0	0	0	1	0	0	0	0	0	0	0	0	0	0	0	8	46	0	0	0	1	0	0
fsh-generated/resources/ValueSet-fiji-vital-body-weight-vs.json	804	0	0	0	0	0	0	0	0	73	0	0	0	0	0	0	0	0	0	0	0	8	80	0	0	0	0	0	0
fsh-generated/resources/ValueSet-fiji-vital-method-vs.json	3053	1	0	0	0	0	0	0	0	96	0	0	0	0	0	0	0	0	0	0	0	18	89	0	0	0	0	0	0
fsh-generated/resources/ValueSet-heart-rate-loinc.json	608	1	0	0	0	0	0	0	1	36	0	0	0	0	0	0	0	1	0	0	0	8	83	0	0	0	0	0	0
fsh-generated/resources/ValueSet-imm-vs.json	386	0	0	0	0	0	0	0	0	217	0	0	0	0	0	0	0	0	0	0	0	7	162	0	0	0	1	0	0
fsh-generated/resources/ValueSet-immunization-status-reason.json	2122	1	0	0	0	0	0	0	0	169	0	0	0	0	0	0	0	0	0	0	0	14	81	0	0	0	0	0	0
fsh-generated/resources/ValueSet-obs-vs.json	397	0	0	0	0	0	0	0	0	2	0	0	0	0	0	0	0	0	0	0	0	7	282	0	0	0	0	0	0
/input/includes/dependency-table.xhtml	38	-	-	-	0	0	0	0	0	0	0	0	0	0	0	0	0	0	0	0	0	0	0	0	0	0	0	0	0
/input/includes/globals-table.xhtml	39	-	-	-	0	0	0	0	0	0	0	0	0	0	0	0	0	0	0	0	0	0	0	0	0	0	0	0	0
/input/includes/cross-version-analysis.xhtml	38	-	-	-	0	0	0	0	0	0	0	0	0	0	0	0	0	0	0	0	0	0	0	0	0	0	0	0	0
/fsh-generated/includes/fsh-link-references.md	6013	-	-	-	0	0	0	0	0	0	0	0	0	0	0	0	0	0	0	0	0	0	1	0	0	0	0	0	0
/fsh-generated/includes/menu.xml	1351	-	-	-	0	0	0	0	0	0	0	0	0	0	0	0	0	0	0	0	0	0	1	0	0	0	0	0	0
/input/pagecontent/datatypes.md	3240	-	-	-	0	0	0	0	0	0	0	0	0	0	0	0	0	0	0	0	0	0	0	0	0	0	0	0	0
/input/pagecontent/extensions.md	574	-	-	-	0	0	0	0	0	0	0	0	0	0	0	0	0	0	0	0	0	0	0	0	0	0	0	0	0
/input/pagecontent/gettingstarted.md	4350	-	-	-	0	0	0	0	0	0	0	0	0	0	0	0	0	0	0	0	0	0	1	0	0	0	0	0	0
/input/pagecontent/resources.md	1755	-	-	-	0	0	0	0	0	0	0	0	0	0	0	0	0	0	0	0	0	0	0	0	0	0	0	0	0
/input/pagecontent/index.md	2483	-	-	-	0	0	0	0	0	0	0	0	0	0	0	0	0	0	0	0	0	0	0	0	0	0	0	0	0
/input/pagecontent/downloads.md	1927	-	-	-	0	0	0	0	0	0	0	0	0	0	0	0	0	0	0	0	0	0	1	0	0	0	0	0	0
/input/pagecontent/terminology.md	105	-	-	-	0	0	0	0	0	0	0	0	0	0	0	0	0	0	0	0	0	0	0	0	0	0	0	0	0
/template/config	0	-	-	-	0	0	0	0	0	0	0	0	0	0	0	0	0	0	0	0	0	0	0	0	0	0	0	0	0
/template/config/_config.yml	140	-	-	-	0	0	0	0	0	0	0	0	0	0	0	0	0	0	0	0	0	0	0	0	0	0	0	0	0
/input/images	0	-	-	-	0	0	0	0	0	0	0	0	0	0	0	0	0	0	0	0	0	0	0	0	0	0	0	0	0
/input/images/logo2.jpg	15742	-	-	-	0	0	0	0	0	0	0	0	0	0	0	0	0	0	0	0	0	0	1	0	0	0	0	0	0
/input/images/logo.ico	178646	-	-	-	0	0	0	0	0	0	0	0	0	0	0	0	0	0	0	0	0	0	0	0	0	0	0	0	0
/input/images/logo extended.png	73262	-	-	-	0	0	0	0	0	0	0	0	0	0	0	0	0	0	0	0	0	0	0	0	0	0	0	0	0
/temp/pages/_includes/artifacts.xml	216	-	-	-	-	-	-	-	-	-	-	-	-	-	-	-	-	-	-	-	-	-	0	0	0	0	0	0	0
/temp/pages/_includes/fragment-artifacts-table.html	3362	-	-	-	-	-	-	-	-	-	-	-	-	-	-	-	-	-	-	-	-	-	1	0	0	0	0	0	0
